{
  "BTC-USD": {
    "rsi": {
      "best_params": {
        "oversold": 30,
        "overbought": 65,
        "period": 7
      },
      "best_sharpe": 0.1637038581568095,
      "win_rate": 0.3717948717948718,
      "profit_factor": 1.3844903850766797,
      "total_return": 17.272354544662928
    },
    "rsi_divergence": {
      "best_params": {
        "rsi_period": 7,
        "lookback": 10,
        "divergence_threshold": 0.01
      },
      "best_sharpe": 0.023739552038657855,
      "win_rate": 0.34545454545454546,
      "profit_factor": 1.028216881836958,
      "total_return": 0.8705259105291423
    },
    "stoch_rsi": {
      "best_params": {
        "rsi_period": 7,
        "stoch_period": 5,
        "k_period": 5,
        "d_period": 7
      },
      "best_sharpe": 0.3934450773236968,
      "win_rate": 0.48717948717948717,
      "profit_factor": 4.784682944099821,
      "total_return": 37.306354412518104
    },
    "stochastic": {
      "best_params": {
        "k_period": 5,
        "d_period": 3,
        "oversold": 20,
        "overbought": 85
      },
      "best_sharpe": 0.23424075824340349,
      "win_rate": 0.5217391304347826,
      "profit_factor": 1.6019059159931797,
      "total_return": 6.875552381515654
    },
    "stochastic_fast": {
      "best_params": {
        "k_period": 5,
        "d_period": 3,
        "oversold": 20,
        "overbought": 85
      },
      "best_sharpe": 0.23424075824340349,
      "win_rate": 0.5217391304347826,
      "profit_factor": 1.6019059159931797,
      "total_return": 6.875552381515654
    },
    "stochastic_full": {
      "best_params": {
        "k_period": 5,
        "d_period": 3,
        "slowing": 7,
        "oversold": 15,
        "overbought": 85
      },
      "best_sharpe": 431444446277.06775,
      "win_rate": 1.0,
      "profit_factor": 27.713114423756217,
      "total_return": 29.774830872506953
    },
    "macd": {
      "best_params": {
        "fast": 8,
        "slow": 20,
        "signal": 7
      },
      "best_sharpe": 0.3108342445446858,
      "win_rate": 0.4482758620689655,
      "profit_factor": 2.0181427647351384,
      "total_return": 12.92486519387707
    },
    "macd_histogram": {
      "best_params": {
        "fast": 12,
        "slow": 32,
        "signal": 7,
        "histogram_threshold": 0
      },
      "best_sharpe": 0.3761776360363051,
      "win_rate": 0.4642857142857143,
      "profit_factor": 2.317283188695796,
      "total_return": 18.084349683281783
    },
    "macd_divergence": {
      "best_params": {
        "fast": 12,
        "slow": 32,
        "signal": 7,
        "lookback": 10,
        "divergence_threshold": 0.01
      },
      "best_sharpe": 0.11936397309505227,
      "win_rate": 0.39285714285714285,
      "profit_factor": 1.2764971459783636,
      "total_return": 4.344473986663141
    },
    "cci": {
      "best_params": {
        "period": 10,
        "oversold": -200,
        "overbought": 100
      },
      "best_sharpe": 0.050231911427801264,
      "win_rate": 0.358974358974359,
      "profit_factor": 1.0891023507437971,
      "total_return": 3.799719309398606
    },
    "williams_r": {
      "best_params": {
        "period": 7,
        "oversold": -90,
        "overbought": -10
      },
      "best_sharpe": 0.17347190564583045,
      "win_rate": 0.42592592592592593,
      "profit_factor": 1.4563520219439372,
      "total_return": 22.867203258472752
    },
    "apo": {
      "best_params": {
        "fast": 5,
        "slow": 13,
        "signal": 7
      },
      "best_sharpe": 0.43229060080647197,
      "win_rate": 0.525,
      "profit_factor": 2.4996353679689034,
      "total_return": 32.7621470840198
    },
    "ppo": {
      "best_params": {
        "fast": 8,
        "slow": 20,
        "signal": 7
      },
      "best_sharpe": 0.3197208929352832,
      "win_rate": 0.5,
      "profit_factor": 1.9968752161828875,
      "total_return": 15.366884692959207
    },
    "sma_cross": {
      "best_params": {
        "fast_period": 5,
        "slow_period": 200
      },
      "best_sharpe": 358933716626.7856,
      "win_rate": 1.0,
      "profit_factor": 3.865263386179259,
      "total_return": 7.1772385976691915
    },
    "ema_cross": {
      "best_params": {
        "fast_period": 10,
        "slow_period": 30
      },
      "best_sharpe": 0.2863343431903989,
      "win_rate": 0.36363636363636365,
      "profit_factor": 2.157265969448718,
      "total_return": 6.0073607604650014
    },
    "wma_cross": {
      "best_params": {
        "fast_period": 15,
        "slow_period": 50
      },
      "best_sharpe": 0.15232939723175318,
      "win_rate": 0.3684210526315789,
      "profit_factor": 1.435547530706117,
      "total_return": 3.0282038322844085
    },
    "hma_cross": {
      "best_params": {
        "fast_period": 5,
        "slow_period": 30
      },
      "best_sharpe": 0.2769390243300865,
      "win_rate": 0.4166666666666667,
      "profit_factor": 1.8720779301354653,
      "total_return": 14.254837230600586
    },
    "vwap": {
      "best_params": {
        "period": 20,
        "std_dev": 2
      },
      "best_sharpe": 0.33219687022525757,
      "win_rate": 0.5625,
      "profit_factor": 2.1035102653438567,
      "total_return": 14.973101776738051
    },
    "adx": {
      "best_params": {
        "period": 7,
        "threshold": 20
      },
      "best_sharpe": "0",
      "win_rate": 0.0,
      "profit_factor": 0.0,
      "total_return": 0.0
    },
    "di_plus": {
      "best_params": {
        "period": 7,
        "threshold": 25
      },
      "best_sharpe": 0.24262261126310267,
      "win_rate": 0.5357142857142857,
      "profit_factor": 1.6166762343956256,
      "total_return": 17.89069441244991
    },
    "di_minus": {
      "best_params": {
        "period": 7,
        "threshold": 30
      },
      "best_sharpe": 0.5492194737663548,
      "win_rate": 0.6285714285714286,
      "profit_factor": 2.9752508551314576,
      "total_return": 33.64615708343573
    },
    "adx_cross": {
      "best_params": {
        "period": 7,
        "adx_threshold": 20
      },
      "best_sharpe": -0.03736249143155389,
      "win_rate": 0.2857142857142857,
      "profit_factor": 0.910362986578676,
      "total_return": -1.5475995300657222
    },
    "ichimoku": {
      "best_params": {
        "tenkan": 5,
        "kijun": 20,
        "senkou": 45
      },
      "best_sharpe": -0.39018591067722785,
      "win_rate": 0.2,
      "profit_factor": 0.32105197468692465,
      "total_return": -8.180805331548235
    },
    "ichimoku_tenkan": {
      "best_params": {
        "tenkan_period": 5,
        "kijun_period": 20
      },
      "best_sharpe": -0.39018591067722785,
      "win_rate": 0.2,
      "profit_factor": 0.32105197468692465,
      "total_return": -8.180805331548235
    },
    "ichimoku_kijun": {
      "best_params": {
        "tenkan_period": 9,
        "kijun_period": 20
      },
      "best_sharpe": -0.39018591067722785,
      "win_rate": 0.2,
      "profit_factor": 0.32105197468692465,
      "total_return": -8.180805331548235
    },
    "ichimoku_cross": {
      "best_params": {
        "tenkan": 5,
        "kijun": 20,
        "cloud_offset": 20
      },
      "best_sharpe": -0.39018591067722785,
      "win_rate": 0.2,
      "profit_factor": 0.32105197468692465,
      "total_return": -8.180805331548235
    },
    "bollinger": {
      "best_params": {
        "period": 10,
        "std_dev": 1.5,
        "exit_std": 2.5
      },
      "best_sharpe": 0.38741345500526814,
      "win_rate": 0.38461538461538464,
      "profit_factor": 2.4333569618322053,
      "total_return": 54.96119287507491
    },
    "bollinger_breakout": {
      "best_params": {
        "period": 20,
        "std_dev": 3.0,
        "confirmation_bars": 1
      },
      "best_sharpe": 374095063096.14886,
      "win_rate": 1.0,
      "profit_factor": 7.761293387127403,
      "total_return": 13.92805449702082
    },